{
    "dataset": "olink_proteomic",
    "algorithm": "mlp",
    "config": {
        "data": {
            "normalization": false,
            "path": "data_mlp/olink_proteomic",
            "y_policy": false
        },
        "model": {
            "d_layers": [
                73,
                71,
                71,
                200
            ],
            "dropout": 0.1884376482250047
        },
        "seed": 90,
        "training": {
            "batch_size": 256,
            "eval_batch_size": 2048,
            "lr": 0.0001406735690840302,
            "n_epochs": 1000,
            "optimizer": "adamw",
            "patience": 16,
            "weight_decay": 0.0
        }
    },
    "environment": {
        "devices": {
            "CUDA_VISIBLE_DEVICES": "5",
            "torch.version.cuda": "11.6",
            "torch.backends.cudnn.version()": 8302,
            "torch.cuda.nccl.version()": [
                2,
                14,
                3
            ],
            "driver": "525.105.17",
            "5": {
                "name": "NVIDIA GeForce RTX 2080 Ti",
                "total_memory": 11811160064
            }
        }
    },
    "epoch_size": 125,
    "n_parameters": 236521,
    "best_epoch": 85,
    "metrics": {
        "train": {
            "rmse": 2.3239860867003395,
            "r2": 0.9193457214890052,
            "score": 0.9193457214890052
        },
        "val": {
            "rmse": 2.8680408673427316,
            "r2": 0.8770147428083108,
            "score": 0.8770147428083108
        },
        "test": {
            "rmse": 2.8680408673427316,
            "r2": 0.8770147428083108,
            "score": 0.8770147428083108
        }
    },
    "time": "0:00:46"
}
