{
    "dataset": "olink_proteomic",
    "algorithm": "resnet",
    "config": {
        "data": {
            "normalization": false,
            "path": "data_resnet/olink_proteomic",
            "y_policy": false
        },
        "model": {
            "activation": "relu",
            "d": 133,
            "d_hidden_factor": 2.907096639438354,
            "hidden_dropout": 0.2841454096172893,
            "n_layers": 6,
            "normalization": "batchnorm",
            "residual_dropout": 0.0
        },
        "seed": 12,
        "training": {
            "batch_size": 256,
            "eval_batch_size": 2048,
            "lr": 0.0001378419280487741,
            "n_epochs": 1000,
            "optimizer": "adamw",
            "patience": 16,
            "weight_decay": 0.0
        }
    },
    "environment": {
        "devices": {
            "CUDA_VISIBLE_DEVICES": "6",
            "torch.version.cuda": "11.6",
            "torch.backends.cudnn.version()": 8302,
            "torch.cuda.nccl.version()": [
                2,
                14,
                3
            ],
            "driver": "525.105.17",
            "6": {
                "name": "NVIDIA GeForce RTX 2080 Ti",
                "total_memory": 11811160064
            }
        }
    },
    "epoch_size": 125,
    "n_parameters": 1006600,
    "best_epoch": 63,
    "metrics": {
        "train": {
            "rmse": 2.48327161170329,
            "r2": 0.907910774994723,
            "score": 0.907910774994723
        },
        "val": {
            "rmse": 2.8293253843331856,
            "r2": 0.8803126628488679,
            "score": 0.8803126628488679
        },
        "test": {
            "rmse": 2.8293253843331856,
            "r2": 0.8803126628488679,
            "score": 0.8803126628488679
        }
    },
    "time": "0:02:08"
}
